{
    "name": "linkIt",
    "title": "LinkIt jQuery Plugin",
    "description": "Simple plugin to convert any element into a link",
    "keywords": [
        "link",
        "html",
		"content"
    ],
    "version": "0.2.0",
    "author": {
        "name": "Brad Traversy",
        "url": "http://techguywebsolutions.com"
    },
    "maintainers": [
        {
            "name": "Brad Traversy",
            "email": "techguyinfo@gmail.com",
            "url": "http://techguywebsolutions.com"
        }
    ],
    "licenses": [
        {
            "type": "MIT",
            "url": "https://github.com/bradtraversy/jquery.linkIt/LICENSE.txt"
        }
    ],
    "homepage": "https://github.com/bradtraversy/jquery.linkIt",
    "docs": "https://github.com/bradtraversy/jquery.linkIt",
    "dependencies": {
        "jquery": ">=1.9"
    }
}